{"cameraMode":{"drawMode":0,"name":"Shaded","section":"Shading Mode"},"sceneLighting":true,"audioPlay":false,"sceneViewState":{"m_AlwaysRefresh":false,"showFog":true,"showSkybox":true,"showFlares":true,"showImageEffects":true,"showParticleSystems":true,"showVisualEffectGraphs":true,"m_FxEnabled":true},"in2DMode":false,"pivot":{"x":5.199999809265137,"y":0.7987465858459473,"z":4.199999809265137},"rotation":{"x":0.21185682713985444,"y":-0.7109978199005127,"z":0.24067683517932893,"w":0.6258538365364075},"size":12.707191467285157,"orthographic":true}