{"cameraMode":{"drawMode":0,"name":"Shaded","section":"Shading Mode"},"sceneLighting":true,"audioPlay":false,"sceneViewState":{"m_AlwaysRefresh":false,"showFog":true,"showSkybox":true,"showFlares":true,"showImageEffects":true,"showParticleSystems":true,"showVisualEffectGraphs":true,"m_FxEnabled":true},"in2DMode":false,"pivot":{"x":5.199999809265137,"y":0.7987465858459473,"z":4.199999809265137},"rotation":{"x":0.2704285979270935,"y":0.020213963463902475,"z":-0.005679140333086252,"w":0.9625164270401001},"size":5.974578380584717,"orthographic":true}